word,freq
mode,27
lane,25
fsd,21
car,21
chill,18
set,18
setting,17
driving,16
speed,16
right,15
lane change,13
change,12
aggressive,11
normal,11
turn,10
traffic,10
left,10
time,10
going,9
autopilot,8
need,8
changing,8
follow distance,8
drive,7
feel,7
way,7
speed limit,7
auto,6
average,6
chill average,6
slower,5
fast,5
control,5
tesla,5
better,5
scroll wheel,5
getting,4
navigate,4
noticed,4
think,4
v12,4
offset,4
areas,4
want,4
vehicle,4
highway,4
tried,4
behavior,4
come,4
maybe,4
overall,4
leave,4
short,4
gap,4
different,4
try,4
driver,4
stop sign,4
probably,3
detected,3
based,3
road,3
button,3
distance,3
changed,3
kept,3
switching,3
long,3
legacy,3
stalk,3
model,3
profile,3
exit,3
find,3
experience,3
motor,3
acceleration,3
goes,3
yes,3
wish,3
good,3
wo,3
selection,3
today,3
route,3
improve,3
slow,3
bit,3
ap,3
grandma,3
best,3
let,3
streets,3
mean,3
option,3
use,3
mad max,3
power,2
open,2
faster,2
select,2
max,2
thumb,2
mile,2
trip,2
pilot,2
wheel,2
level,2
said,2
push,2
patient,2
maneuvers,2
click,2
hand,2
adjust,2
know,2
trying,2
saw,2
mph,2
clear,2
controlled,2
easy,2
reason,2
thing,2
merging,2
took,2
expect,2
fine,2
heavy,2
brakes,2
man,2
overtake,2
electric,2
new,2
plan,2
version,2
leaving,2
fixed,2
improved,2
deadline,2
avoid,2
pass,2
light,2
oncoming,2
given,2
believe,2
stop,2
lol,2
human,2
sure,2
definitely,2
freeway,2
safe,2
lot,2
intersections,2
sign,2
slowing,2
difference,2
action,2
ppl,2
low,2
priority,2
yielding,2
assert,2
wild,2
encourage,2
accelerator,2
issues,2
rush hour,2
modeling target,2
younger,1
relied,1
available,1
nowadays,1
proactive,1
defensive,1
fade,1
nod,1
submissive,1
brighten,1
widen,1
frankly,1
amazed,1
adjacent,1
automatic,1
initiate,1
increase,1
mad,1
tapping,1
customize,1
x,1
wheeli,1
middle,1
2k,1
upgraded,1
suddenly,1
keeps,1
nagging,1
switch,1
blue,1
gone,1
belt,1
nearly,1
necessary,1
interfered,1
pedals,1
help,1
thanks,1
u,1
corndog_farkle,1
view,1
poll,1
https,1
scroll,1
fix,1
traveling,1
following,1
closely,1
residential,1
waits,1
actually,1
determination,1
admittedly,1
largely,1
unknown,1
turned,1
fyi,1
assertiveon,1
previously,1
follow,1
numbering,1
beta,1
spinning,1
s,1
switches,1
overly,1
unusable,1
fixwith,1
active,1
matter,1
travel,1
day,1
sound,1
entitled,1
hole,1
technically,1
incorporate,1
logic,1
approved,1
regulators,1
away,1
obviously,1
reliable,1
got,1
confused,1
ramps,1
multiple,1
local,1
finicky,1
missed,1
completely,1
testing,1
impede,1
opinion,1
imagine,1
spend,1
15k,1
akin,1
insert,1
german,1
v8,1
luxury,1
strength,1
gives,1
effortless,1
thrust,1
delivered,1
firm,1
positive,1
versus,1
slaps,1
throttle,1
tip,1
manually,1
friction,1
swear,1
suggest,1
driven,1
effort,1
fossil,1
powerful,1
point,1
combustion,1
engines,1
base,1
minimum,1
wanting,1
leaf,1
bring,1
instead,1
screen,1
main,1
highlight,1
planning,1
opportunism,1
generally,1
positions,1
risks,1
missing,1
stack,1
far,1
ahead,1
maneuvering,1
thought,1
robotic,1
feeling,1
commentsguys,1
reading,1
comments,1
important,1
parameters,1
la,1
amazing,1
crucial,1
voice,1
refund,1
clearly,1
placed,1
service,1
appointment,1
problem,1
3notes,1
state,1
super,1
close,1
conservative,1
acceptable,1
creep,1
green,1
visible,1
knowing,1
complete,1
arrives,1
numbers,1
associated,1
similar,1
results,1
remember,1
watching,1
mobileye,1
presentation,1
speaker,1
esteemed,1
researcher,1
autonomous,1
field,1
talked,1
factor,1
self,1
socially,1
accepted,1
places,1
forgiven,1
considered,1
rude,1
simply,1
asserting,1
urgency,1
situation,1
notion,1
program,1
edit,1
add,1
technology,1
near,1
ability,1
immediately,1
starts,1
exactly,1
surprised,1
helpful,1
cruise,1
accelerates,1
rate,1
update,1
notice,1
pit,1
paying,1
attention,1
looking,1
straight,1
boom,1
love,1
ups,1
v11,1
months,1
related,1
ok,1
properly,1
doubt,1
confident,1
luck,1
personally,1
constantly,1
usually,1
parked,1
unfortunately,1
terrifying,1
sorry,1
topic,1
op,1
address,1
asking,1
directly,1
details,1
mindlessly,1
spin,1
enabled,1
surprising,1
assume,1
type,1
prudent,1
nice,1
acts,1
early,1
tell,1
looks,1
break,1
felt,1
manual,1
prefer,1
anymore,1
m,1
stoping,1
quicker,1
example,1
y,1
steering,1
routinely,1
lines,1
surely,1
system,1
suspect,1
lead,1
extremely,1
making,1
response,1
determined,1
current,1
indicated,1
extensively,1
found,1
incredibly,1
stupid,1
decisions,1
correct,1
movements,1
course,1
swerve,1
fighter,1
jet,1
jarring,1
hovering,1
works,1
caveat,1
interstate,1
basically,1
tailgate,1
separate,1
pedantic,1
guy,1
term,1
qualitatively,1
optimizing,1
great,1
noa,1
reported,1
closer,1
half,1
smoother,1
opportunities,1
opportunistically,1
gets,1
speeding,1
spot,1
passively,1
screw,1
rhythm,1
ass,1
indecisive,1
wavering,1
wife,1
wonder,1
interfering,1
bug,1
welcome,1
later,1
chicago,1
merge,1
timid,1
passing,1
dropped,1
safer,1
jumping,1
turning,1
imo,1
typically,1
nj,1
big,1
cut,1
engaged,1
etc,1
decides,1
yield,1
conditions,1
yeah,1
common,1
ending,1
imminently,1
non,1
drove,1
occasional,1
touches,1
inclined,1
press,1
habit,1
continue,1
advice,1
friend,1
speak,1
behalf,1
filling,1
trusting,1
camp,1
weighted,1
high,1
space,1
fashion,1
collects,1
rocks,1
window,1
tuning,1
actual,1
vision,1
processing,1
flip,1
coast,1
law,1
breaking,1
