word,freq
assertive,101
mode,16
lane,15
driving,10
change,10
setting,9
chill,9
right,8
car,8
time,7
left,6
speed,6
set,6
normal,5
fsd,5
aggressive,5
way,5
try,4
different,4
scroll,4
wheel,4
changing,4
traffic,4
going,4
driver,4
follow distance,4
speed limit,4
stop sign,4
feel,3
behavior,3
turn,3
let,3
needs,3
use,3
max,3
drive,3
mean,3
best,3
streets,3
fast,3
auto,3
leave,3
probably,2
profile,2
long,2
distance,2
tried,2
wish,2
short,2
freeway,2
definitely,2
based,2
experience,2
difference,2
issues,2
human,2
slower,2
wo,2
accelerator,2
encourage,2
think,2
action,2
find,2
better,2
sure,2
intersections,2
sign,2
slowing,2
detected,2
grandma,2
safe,2
wild,2
goes,2
slow,2
option,2
yielding,2
assert,2
bit,2
average,2
ppl,2
low,2
priority,2
tesla,1
surely,1
improve,1
system,1
suspect,1
lead,1
imo,1
yeah,1
early,1
tell,1
looks,1
break,1
maybe,1
want,1
pedantic,1
guy,1
term,1
qualitatively,1
optimizing,1
great,1
noa,1
surprising,1
follow,1
hand,1
engaged,1
click,1
believe,1
etc,1
asking,1
directly,1
details,1
correct,1
common,1
ending,1
imminently,1
non,1
collects,1
rocks,1
window,1
anymore,1
ok,1
given,1
later,1
chicago,1
merge,1
rush,1
hour,1
timid,1
stop,1
love,1
ups,1
camp,1
confident,1
good,1
luck,1
fine,1
tuning,1
actual,1
vision,1
processing,1
dropped,1
safer,1
jumping,1
oncoming,1
turning,1
noticed,1
changed,1
today,1
welcome,1
flip,1
coast,1
mph,1
open,1
pass,1
inclined,1
habit,1
continue,1
route,1
mad,1
half,1
felt,1
offset,1
manual,1
exit,1
passing,1
movements,1
course,1
swerve,1
fighter,1
jet,1
personally,1
overall,1
constantly,1
trying,1
roads,1
usually,1
parked,1
unfortunately,1
lot,1
m,1
stoping,1
quicker,1
response,1
determined,1
current,1
indicated,1
reasons,1
doubt,1
drove,1
occasional,1
touches,1
assume,1
type,1
prudent,1
routinely,1
lines,1
v11,1
months,1
v12,1
patient,1
maneuvers,1
new,1
man,1
control,1
terrifying,1
wife,1
law,1
breaking,1
extremely,1
making,1
highway,1
said,1
switching,1
fixed,1
sorry,1
topic,1
op,1
address,1
typically,1
nj,1
big,1
gap,1
cut,1
basically,1
tailgate,1
separate,1
mindlessly,1
spin,1
passively,1
screw,1
rhythm,1
ass,1
indecisive,1
wavering,1
acts,1
properly,1
prefer,1
example,1
model,1
y,1
steering,1
leaving,1
decides,1
yield,1
overtake,1
merging,1
conditions,1
filling,1
trusting,1
press,1
autopilot,1
closer,1
extensively,1
found,1
incredibly,1
stupid,1
decisions,1
nice,1
lol,1
reported,1
wonder,1
interfering,1
bug,1
yes,1
enabled,1
opportunities,1
opportunistically,1
gets,1
speeding,1
spot,1
related,1
smoother,1
advice,1
friend,1
speak,1
behalf,1
jarring,1
acceleration,1
hovering,1
brakes,1
works,1
caveat,1
interstate,1
weighted,1
high,1
space,1
fashion,1
